,Price,Product name,Reviews
0,€3.37,"Purely Inspired, Shaker Cup, 24 oz",281
1,€10.16,"Blender Bottle, Classic with Loop, Black, 28 oz (828 ml)",828
2,€16.64,"Blender Bottle, Radian, Insulated Stainless Steel, Natural, 26 oz",264
3,€13.16,"Nutrex Research, Waist Trimmer, Grey/Black, 1 Belt",232
4,€9.23,"Blender Bottle, Classic with Loop, Pebble Grey, 20 oz (600 ml)",543
5,€4.97,"Nature's Plus, Shaker Cup, 16 oz",768
6,€9.23,"Blender Bottle, Classic with Loop, Black, 20 oz (600 ml)",828
7,€20.79,"Blender Bottle, Radian, Insulated Stainless Steel, Matte Black, 26 oz",724
8,€10.16,"Blender Bottle, Classic with Loop, Ocean Blue, 28 oz (828 ml)",538
9,€20.88,"Sports Research, Sweet Sweat Waist Trimmer, Medium, Black & Pink, 1 Belt",1087
10,€20.88,"Sports Research, Sweet Sweat Waist Trimmer, Small, Black & Pink, 1 Belt",396
11,€13.86,"Blender Bottle, ProStak, Black, 22 oz (650 ml)",644
12,€10.16,"Blender Bottle, Classic with Loop, Pebble Grey, 28 oz (828 ml)",543
13,€24.92,"Sports Research, Sweet Sweat Stick, Workout Enhancer, 6.4 oz. (182g)",954
14,€20.88,"Sports Research, Sweet Sweat Waist Trimmer, Medium, Black & Yellow, 1 Belt",831
15,€9.23,"Blender Bottle, Classic with Loop, White, 20 oz (600 ml)",414
16,€12.47,"Blender Bottle, BlenderBottle, ProStak, White, 22 oz",320
17,€10.16,"Blender Bottle, Classic with Loop, Plum, 28 oz (828 ml)",667
18,€16.26,"Think, Thinksport, Insulated Sports Bottle, Black, 25 oz (750 ml)",460
19,€9.23,"Blender Bottle, Classic with Loop, Plum, 20 oz (600 ml)",667
20,€16.26,"Think, Thinksport, Insulated Sports Bottle, Mint Green, 25 oz (750 ml)",620
21,€18.29,"Sports Research, Sweet Sweat Workout Enchancer, Coconut, 6.4 oz (182 g)",199
22,€33.23,"Sports Research, Performance Resistance Bands, 5 Bands",856
23,€16.26,"Think, Thinksport, Insulated Sports Bottle, Dark Pink, 25 oz (750 ml)",660
24,€10.16,"Blender Bottle, Classic with Loop, White, 28 oz (828 ml)",414
25,€9.23,"Blender Bottle, Classic with Loop, Ocean Blue, 20 oz (600 ml)",538
26,€12.47,"Blender Bottle, ProStak, Navy, 22 oz (651 ml)",418
27,€14.78,"Think, Thinksport, Insulated Sports Bottle, Silver, 25 oz (750 ml)",1282
28,€9.23,"Blender Bottle, Classic with Loop, Emerald Green, 20 oz (600 ml) ",283
29,€23.10,"Blender Bottle, Radian, Insulated Stainless Steel, Copper, 26 oz",313
30,€13.96,"Sports Research, Sweet Sweat, Mini Loop Bands, 5 Loop Bands",2404
31,€24.92,"Sports Research, Sweet Sweat Workout Enhancer, 6.5 oz (184 g)",954
32,€32.32,"Nutrex Research, LIPO-6 Defining Gel, 4 fl oz (120 ml)",143
33,€13.86,"Blender Bottle, ProStak, Plum, 22 oz (651 ml)",454
34,€20.79,"Blender Bottle, Blender Bottle Radian, Insulated Stainless Steel, Matte White , 26 oz",366
35,€20.88,"Sports Research, Sweet Sweat Waist Trimmer, Large, Black & Pink, 1 Belt",297
36,€17.37,"Sports Research, Sweet Sweat Arm Trimmers, Unisex-Regular, Pink, 1 Pair",288
37,€8.31,"Blender Bottle, Classic with Loop, Red, 20 oz (600 ml)",164
38,€16.26,"Think, Thinksport, Insulated Sports Bottle, Blue, 25 oz (750ml)",459
39,€23.78,"Sports Research, Sweet Sweat Thigh Trimmers, Medium, Pink, 1 Pair",239
40,€10.12,"Asutra, Yoga Mat Detox, Yoga Mat Cleaner, Peaceful Lavender, 4 fl oz (118 ml)",92
41,€40.62,"Sports Research, Sweet Sweat Workout Enhancer, 13.5 oz (383 g)",198
42,€18.48,"Helimix, Shaker Cup, Pink Yarrow, 28 oz",6
43,€10.16,"Blender Bottle, Classic with Loop, Emerald Green, 28 oz (828 ml)",283
44,€13.86,"Blender Bottle, ProStak, Pebble Grey, 22 oz (650 ml)",191
45,€19.09,"Sports Research, Performance Ab Wheel + Knee Pad Included",369
46,€11.94,"Sports Research, Sweet Sweat Pro Jump Rope, Black, 1 Jump Rope",260
47,€17.37,"Sports Research, Sweet Sweat Arm Trimmers, Unisex-Regular, Yellow, 1 Pair",134
48,€18.48,"Helimix, Shaker Cup, Pink Yarrow, 28 oz",6
49,€10.16,"Blender Bottle, Classic with Loop, Emerald Green, 28 oz (828 ml)",283
50,€17.37,"Sports Research, Sweet Sweat Arm Trimmers, Unisex-Regular, Yellow, 1 Pair",134
51,€24.95,"Teami, Tumbler On-the-Go, Pink, 20 oz (600 ml)",24
52,€20.88,"Sports Research, Sweet Sweat Waist Trimmer, Small, Black & Yellow, 1 Belt",216
53,€9.70,"Blender Bottle, ProStak, Cyan, 22 oz, 650 ml",161
54,€23.78,"Sports Research, Sweet Sweat Thigh Trimmers,  Medium, Yellow, 1 Pair",135
55,€19.19,"Sports Research, Sweet Sweat Workout Enhancer, Coconut, 20 Travel Packets, 0.53 oz (15 g) Each",21
56,€36.56,"Sports Research, Sweet Sweat Workout Enhancer, Unscented, 13.5 oz (383 g)",198
57,€10.16,"Blender Bottle, Classic with Loop, Red, 28 oz (828 ml)",164
58,€40.62,"Sports Research, Sweet Sweat Workout Enhancer, Coconut , 13.5 oz (383 g)",72
59,€9.73,"Sports Research, Sweet Sweat Speed Rope, Black, 1 Jump Rope",7
60,€24.95,"Teami, Tumbler On-the-Go, Green, 20 oz (600 ml)",19
61,€13.86,"Teami, Tumbler On-the-Go, Black, 20 oz (600 ml)",13
62,€19.19,"Sports Research, Sweet Sweat Workout Enhancer, 20 Travel Packets, 0.53 oz (15 g) Each",42
63,€54.06,"Sports Research, Sweet Sweat, Paige Hathaway Waist Trimmer, XS/S, Blue, 3 Piece Set",5
64,€29.41,"ALLMAX Nutrition, ALLMAX Premium Fitness Gym Bag, Black & Red, 1 Bag",21
65,€11.42,"Sports Research, Sweet Sweat Cable Jump Rope, Black, 10 ft, 1 Jump Rope",16
66,€15.51,"Sports Research, Sweet Sweat, Mini Loop Bands, 5 Loop Bands",4
67,€54.06,"Sports Research, Sweet Sweat, Paige Hathaway Waist Trimmer, M/L, Blue, 3 Piece Set",1
68,€14.78,"Think, Thinksport, Insulated Sports Bottle, Mint Green, 17 oz (500 ml)",862
69,€18.48,"Helimix, Shaker Cup, Black, 28 oz",12
70,€5.39,"Nature's Plus, Shaker Cup, 24 oz",768
71,€18.48,"Helimix, Shaker Cup, Island Paradise, 28 oz",14
72,€3.95,"ALLMAX Nutrition, Leak-Proof Shaker, BPA-FREE Bottle with Vortex Mixer, 25 oz (700 ml)",4598
73,€4.58,"iHerb Goods, iHerb Blender Bottle with Blender Ball, Green, 28 oz",24563
